﻿<?xml version="1.0" encoding="utf-8" ?>
<Defs>
  <!-- 双屏障 -->
  <ThingDef ParentName="BuildingBase">
    <defName>LingSandbagA</defName>
    <label>分解屏障</label>
    <description>一款特制的屏障,生物可以穿过,但会将子弹和爆炸波拦截(对空抛弹无效).</description>
    <thingClass>Building</thingClass>
    <category>Building</category>
    <graphicData>
      <texPath>Things/Building/Linked/LingSandbagA</texPath>
      <graphicClass>Graphic_Single</graphicClass>
      <linkType>Basic</linkType>
      <linkFlags>
        <li>Sandbags</li>
      </linkFlags>
      <!-- <color>(156,88,166)</color> -->
    </graphicData>
    <uiIconPath>Things/Building/Linked/LingSandbagAIcon</uiIconPath>
    <altitudeLayer>Building</altitudeLayer>
    <pathCost>10</pathCost>
    <pathCostIgnoreRepeat>true</pathCostIgnoreRepeat>
    <passability>Standable</passability>
    <castEdgeShadows>true</castEdgeShadows>
    <fillPercent>1</fillPercent>
    <canOverlapZones>false</canOverlapZones>
    <useHitPoints>false</useHitPoints>
    <statBases>
      <MaxHitPoints>450</MaxHitPoints>
      <Beauty>0</Beauty>
      <WorkToBuild>180</WorkToBuild>
      <Flammability>0</Flammability>
    </statBases>
    <building>
		<ai_chillDestination>false</ai_chillDestination>
		<isInert>true</isInert>
      <blueprintGraphicData>
        <texPath>Things/Building/Linked/Sandbags_Blueprint_Atlas</texPath>
      </blueprintGraphicData>
    </building>
    <placingDraggableDimensions>1</placingDraggableDimensions>
    <costList>
      <ZeroTechGel>200</ZeroTechGel>
      <Plasteel>1</Plasteel>
      <Uranium>1</Uranium>
    </costList>
    <filthLeaving>Filth_Blood</filthLeaving>
    <rotatable>false</rotatable>
    <selectable>true</selectable>
    <neverMultiSelect>true</neverMultiSelect>
    <researchPrerequisites><li>ZeroTechDenfence</li></researchPrerequisites>
    <terrainAffordanceNeeded>Light</terrainAffordanceNeeded>
    <designationCategory>Security</designationCategory>
    <staticSunShadowHeight>0.20</staticSunShadowHeight>
    <constructEffect>ConstructDirt</constructEffect>
    <repairEffect>ConstructDirt</repairEffect>
  </ThingDef>
  <ThingDef ParentName="BuildingBase">
    <defName>LingSandbagB</defName>
    <label>细胞屏障</label>
    <description>一款特制的屏障,可以阻挡生物但不能阻挡爆炸波和飞行物,另外不会提供任何掩体效果.</description>
    <thingClass>Building</thingClass>
    <category>Building</category>
    <graphicData>
      <texPath>Things/Building/Linked/LingSandbagB</texPath>
      <graphicClass>Graphic_Single</graphicClass>
      <linkType>Basic</linkType>
      <linkFlags>
        <li>Sandbags</li>
      </linkFlags>
    </graphicData>
    <uiIconPath>Things/Building/Linked/LingSandbagBIcon</uiIconPath>
    <altitudeLayer>Building</altitudeLayer>
    <pathCost>10</pathCost>
    <pathCostIgnoreRepeat>true</pathCostIgnoreRepeat>
    <passability>Impassable</passability>
    <castEdgeShadows>true</castEdgeShadows>
    <fillPercent>0</fillPercent>
    <canOverlapZones>false</canOverlapZones>
    <statBases>
      <MaxHitPoints>900</MaxHitPoints>
      <Beauty>0</Beauty>
      <WorkToBuild>180</WorkToBuild>
      <Flammability>0</Flammability>
    </statBases>
    <building>
		<ai_chillDestination>false</ai_chillDestination>
		<isInert>true</isInert>
      <blueprintGraphicData>
        <texPath>Things/Building/Linked/Sandbags_Blueprint_Atlas</texPath>
      </blueprintGraphicData>
    </building>
    <placingDraggableDimensions>1</placingDraggableDimensions>
    <costList>
      <ZeroTechGel>200</ZeroTechGel>
      <Gold>1</Gold>
      <Silver>1</Silver>
    </costList>
    <filthLeaving>Filth_Blood</filthLeaving>
    <rotatable>false</rotatable>
    <selectable>true</selectable>
    <neverMultiSelect>true</neverMultiSelect>
    <researchPrerequisites><li>ZeroTechDenfence</li></researchPrerequisites>
    <terrainAffordanceNeeded>Light</terrainAffordanceNeeded>
    <designationCategory>Security</designationCategory>
    <staticSunShadowHeight>0.20</staticSunShadowHeight>
    <constructEffect>ConstructDirt</constructEffect>
    <repairEffect>ConstructDirt</repairEffect>
  </ThingDef>

  <!--=============== 小炮塔 ===============-->
  <ThingDef Name="LingBaseturret" ParentName="BuildingBase" Abstract="True">
    <minifiedDef>MinifiedThing</minifiedDef>
    <altitudeLayer>Building</altitudeLayer>
    <stealable>false</stealable>
    <rotatable>false</rotatable>
    <thingClass>Building_TurretGun</thingClass>
    <thingCategories>
      <li>BuildingsSecurity</li>
    </thingCategories>
    <statBases>
      <Mass>10</Mass>
      <Beauty>0</Beauty>
      <Flammability>0</Flammability>
      <ShootingAccuracyTurret>1</ShootingAccuracyTurret>
    </statBases>
    <tickerType>Normal</tickerType>
    <passability>PassThroughOnly</passability>
    <pathCost>10</pathCost>
    <fillPercent>0.3</fillPercent>
    <hasTooltip>true</hasTooltip>
    <designationCategory>Security</designationCategory>
    <comps>
      <li Class="CompProperties_Forbiddable"/>
      <li Class="CompProperties_AffectedByFacilities">
        <linkableFacilities>
          <li>LingTurretCore</li>
        </linkableFacilities>
      </li>
    </comps>
    <placeWorkers>
      <li>PlaceWorker_TurretTop</li>
    </placeWorkers>
    <researchPrerequisites>
      <li>ZeroTechTurret</li>
    </researchPrerequisites>
    <constructionSkillPrerequisite>5</constructionSkillPrerequisite>
    <building>
	  <ai_combatDangerous>true</ai_combatDangerous>
      <turretGunDef>Gun_MiniTurret</turretGunDef>
    </building>
  </ThingDef>
  <ThingDef ParentName="LingBaseturret">
    <defName>LingTurret_Fire</defName>
    <label>火焰喷射器</label>
    <description>一个搭载了火焰发射器的无人炮塔,子弹会在所经之处形成火海,由于其极大的攻击范围,其命中率已经不再重要</description>
    <graphicData>
      <texPath>Things/Building/LingTurretImprovisedFire</texPath>
      <graphicClass>Graphic_Single</graphicClass>
      <drawSize>(3,3)</drawSize>
    </graphicData>
    <uiIconPath>Things/Building/LingTurretImprovisedFire</uiIconPath>
    <uiIconScale>1.90</uiIconScale>
    <statBases>
      <MarketValue>900</MarketValue>
      <MaxHitPoints>120</MaxHitPoints>
      <WorkToBuild>3600</WorkToBuild>
    </statBases>
    <comps>
      <li Class="CompProperties_Refuelable">
        <fuelLabel>燃料剩余量</fuelLabel>
        <fuelGizmoLabel>燃料余量</fuelGizmoLabel>
        <fuelFilter>
          <thingDefs>
            <li>Chemfuel</li>
          </thingDefs>
        </fuelFilter>
        <fuelCapacity>100</fuelCapacity>
        <initialFuelPercent>1</initialFuelPercent>
        <autoRefuelPercent>0.75</autoRefuelPercent>
        <showFuelGizmo>true</showFuelGizmo>
        <minimumFueledThreshold>1</minimumFueledThreshold>
        <fuelMultiplier>3</fuelMultiplier>
        <factorByDifficulty>true</factorByDifficulty>
        <consumeFuelOnlyWhenUsed>true</consumeFuelOnlyWhenUsed>
        <outOfFuelMessage>燃料不足</outOfFuelMessage>
        <fuelIconPath>UI/Overlays/Barrel</fuelIconPath>
      </li>
    </comps>
    <!-- <stuffCategories>
      <li>Metallic</li>
    </stuffCategories>
    <costStuffCount>80</costStuffCount> -->
    <costList>
      <Steel>20</Steel>
      <Plasteel>10</Plasteel>
      <Chemfuel>30</Chemfuel>
      <Uranium>5</Uranium>
      <ComponentIndustrial>5</ComponentIndustrial>
    </costList>
    <specialDisplayRadius>36</specialDisplayRadius>
    <building>
      <turretGunDef>Gun_LingTurret_Fire</turretGunDef>
      <turretBurstCooldownTime>4.8</turretBurstCooldownTime>
    </building>
  </ThingDef>
  <ThingDef ParentName="BaseBullet">
    <defName>Bullet_LingTurret_Fire</defName>
    <label>汽油弹</label>
    <thingClass>LingGame.LingProjectile_TryFire</thingClass>
    <graphicData>
      <texPath>Things/Projectile/Bullet_Zero_Fire</texPath>
      <graphicClass>Graphic_Single</graphicClass>
    </graphicData>
    <projectile>
      <damageDef>Flame</damageDef>
      <damageAmountBase>10</damageAmountBase>
      <explosionRadius>1.9</explosionRadius>
      <postExplosionSpawnThingDef>Filth_Fuel</postExplosionSpawnThingDef>
      <postExplosionSpawnChance>1</postExplosionSpawnChance>
      <postExplosionSpawnThingCount>1</postExplosionSpawnThingCount>
      <speed>40</speed>
    </projectile>
  </ThingDef>
  <ThingDef ParentName="BaseWeaponTurret">
    <defName>Gun_LingTurret_Fire</defName>
    <label>喷火器</label>
    <description>一个火焰喷射器.</description>
    <graphicData>
      <texPath>Things/Building/TurretImprovised_Fire</texPath>
      <graphicClass>Graphic_Single</graphicClass>
    </graphicData>
    <soundInteract>Interact_Rifle</soundInteract>
    <menuHidden>true</menuHidden>
    <destroyOnDrop>true</destroyOnDrop>
    <tradeability>None</tradeability>
    <useHitPoints>false</useHitPoints>
    <statBases>
      <AccuracyTouch>1</AccuracyTouch>
      <AccuracyShort>1</AccuracyShort>
      <AccuracyMedium>1</AccuracyMedium>
      <AccuracyLong>1</AccuracyLong>
      <RangedWeapon_Cooldown>7</RangedWeapon_Cooldown>
      <DeteriorationRate>0</DeteriorationRate>
      <Mass>5</Mass>
      <Flammability>0</Flammability>
    </statBases>
    <weaponTags Inherit="false">
      <li>TurretGun</li>
    </weaponTags>
    <verbs>
      <li>
        <verbClass>Verb_Shoot</verbClass>
        <hasStandardCommand>true</hasStandardCommand>
        <defaultProjectile>Bullet_LingTurret_Fire</defaultProjectile>
        <warmupTime>0</warmupTime>
        <range>36</range>
        <forcedMissRadius>0.1</forcedMissRadius>
        <ticksBetweenBurstShots>8</ticksBetweenBurstShots>
        <burstShotCount>1</burstShotCount>
        <soundCast>GunShotA</soundCast>
        <soundCastTail>GunTail_Light</soundCastTail>
        <muzzleFlashScale>9</muzzleFlashScale>
        <consumeFuelPerShot>1</consumeFuelPerShot>
      </li>
    </verbs>
  </ThingDef>

  <ThingDef ParentName="LingBaseturret">
    <defName>LingTurret_Ice</defName>
    <label>冰霜喷射器</label>
    <description>一个搭载了液氮炮的无人机枪,会发射能够产生二次爆炸的液氮炮弹</description>
    <graphicData>
      <texPath>Things/Building/LingTurretImprovisedIce</texPath>
      <graphicClass>Graphic_Single</graphicClass>
      <drawSize>(3,3)</drawSize>
    </graphicData>
    <uiIconPath>Things/Building/LingTurretImprovisedIce</uiIconPath>
    <uiIconScale>1.90</uiIconScale>
    <statBases>
      <MarketValue>1100</MarketValue>
      <MaxHitPoints>120</MaxHitPoints>
      <WorkToBuild>3600</WorkToBuild>
    </statBases>
    <comps>
	  <li Class="CompProperties_Power">
        <compClass>CompPowerTrader</compClass>
        <basePowerConsumption>200</basePowerConsumption>
      </li>
    </comps>
    <!-- <stuffCategories>
      <li>Metallic</li>
    </stuffCategories>
    <costStuffCount>60</costStuffCount> -->
    <costList>
      <DevilstrandCloth>10</DevilstrandCloth>
      <Silver>100</Silver>
      <Neutroamine>5</Neutroamine>
      <ComponentSpacer>2</ComponentSpacer>
    </costList>
    <specialDisplayRadius>45</specialDisplayRadius>
    <building>
      <turretGunDef>Gun_LingTurret_Ice</turretGunDef>
      <turretBurstCooldownTime>5</turretBurstCooldownTime>
    </building>
  </ThingDef>
  <ThingDef ParentName="BaseBullet">
    <defName>Bullet_LingTurret_Ice</defName>
    <label>冰气弹</label>
    <thingClass>LingGame.LingProjectile_FenJie</thingClass>
    <graphicData>
      <texPath>Things/Projectile/Bullet_Zero_Ice</texPath>
      <graphicClass>Graphic_Single</graphicClass>
    </graphicData>
    <projectile>
      <damageDef>Smoke</damageDef>
      <damageAmountBase>-1</damageAmountBase>
      <explosionRadius>5</explosionRadius>
      <postExplosionSpawnThingDef>Building_LingTurretIce</postExplosionSpawnThingDef>
      <postExplosionSpawnChance>0.3</postExplosionSpawnChance>
      <postExplosionSpawnThingCount>1</postExplosionSpawnThingCount>
      <speed>70</speed>
    </projectile>
  </ThingDef>
  <ThingDef ParentName="BaseWeaponTurret">
    <defName>Gun_LingTurret_Ice</defName>
    <label>冰霜喷射器</label>
    <description>冰霜喷射器.</description>
    <graphicData>
      <texPath>Things/Building/TurretImprovised_Ice</texPath>
      <graphicClass>Graphic_Single</graphicClass>
    </graphicData>
    <soundInteract>Interact_Rifle</soundInteract>
    <menuHidden>true</menuHidden>
    <destroyOnDrop>true</destroyOnDrop>
    <tradeability>None</tradeability>
    <useHitPoints>false</useHitPoints>
    <statBases>
      <AccuracyTouch>1</AccuracyTouch>
      <AccuracyShort>1</AccuracyShort>
      <AccuracyMedium>1</AccuracyMedium>
      <AccuracyLong>1</AccuracyLong>
      <RangedWeapon_Cooldown>7</RangedWeapon_Cooldown>
      <DeteriorationRate>0</DeteriorationRate>
      <Mass>5</Mass>
      <Flammability>0</Flammability>
    </statBases>
    <weaponTags Inherit="false">
      <li>TurretGun</li>
    </weaponTags>
    <verbs>
      <li>
        <verbClass>Verb_Shoot</verbClass>
        <hasStandardCommand>true</hasStandardCommand>
        <defaultProjectile>Bullet_LingTurret_Ice</defaultProjectile>
        <warmupTime>0</warmupTime>
        <range>45</range>
        <forcedMissRadius>0.1</forcedMissRadius>
        <ticksBetweenBurstShots>8</ticksBetweenBurstShots>
        <burstShotCount>1</burstShotCount>
        <soundCast>GunShotA</soundCast>
        <soundCastTail>GunTail_Light</soundCastTail>
        <muzzleFlashScale>9</muzzleFlashScale>
        <consumeFuelPerShot>1</consumeFuelPerShot>
      </li>
    </verbs>
  </ThingDef>
  <ThingDef ParentName="RockBase">
    <defName>Building_LingTurretIce</defName>
    <label>冰柱</label>
    <description>一块很好看的冰柱,但对于被困住的人来说就不见得了.</description>
    <graphicData>
      <texPath>Things/Building/Building_LingTurretIce</texPath>
      <graphicClass>Graphic_Single</graphicClass>
      <linkType>None</linkType>
      <drawSize>(1,1)</drawSize>
    </graphicData>
    <statBases>
      <MaxHitPoints>30</MaxHitPoints>
    </statBases>
    <category>Building</category>
    <selectable>true</selectable>
    <drawerType>MapMeshOnly</drawerType>
    <passability>PassThroughOnly</passability>
	<scatterableOnMapGen>false</scatterableOnMapGen>
    <pathCost>255</pathCost>
    <fillPercent>0.5</fillPercent>
	<rotatable>true</rotatable>
    <tickerType>Normal</tickerType>
    <holdsRoof>false</holdsRoof>
    <building>
      <isEdifice>false</isEdifice>
      <isNaturalRock>false</isNaturalRock>
      <claimable>false</claimable>
    </building>
    <comps>
      <li Class="LingGame.LingCompProerties_TimeBomb">
        <DamageDef>LingFrostbite</DamageDef>
      </li>
    </comps>
  </ThingDef>
  <DamageDef>
    <defName>LingFrostbite</defName>
    <label>冻伤</label>
    <workerClass>DamageWorker_Frostbite</workerClass>
    <externalViolence>false</externalViolence>
    <deathMessage>{0}被冻死了.</deathMessage>
    <hediff>Frostbite</hediff>
    <harmAllLayersUntilOutside>true</harmAllLayersUntilOutside>
    <armorCategory></armorCategory>
    <canUseDeflectMetalEffect>false</canUseDeflectMetalEffect>
    <defaultDamage>15</defaultDamage>
    <explosionHeatEnergyPerCell>-15</explosionHeatEnergyPerCell>
    <explosionCellMote>Mote_BlastDry</explosionCellMote>
    <explosionColorCenter>(0.7, 0.7, 1)</explosionColorCenter>
    <explosionColorEdge>(0.7, 1, 1)</explosionColorEdge>
    <soundExplosion>Explosion_Flame</soundExplosion>
  </DamageDef>
  
  <ThingDef ParentName="LingBaseturret">
    <defName>LingTurret_Wind</defName>
    <label>风压制造器</label>
    <description>一个用于定点制造风压的反应器,可以限制住一个敌人的行动,需要生物进行控制</description>
    <graphicData>
      <texPath>Things/Building/LingTurretImprovisedStun</texPath>
      <graphicClass>Graphic_Single</graphicClass>
      <drawSize>(3,3)</drawSize>
    </graphicData>
    <uiIconPath>Things/Building/LingTurretImprovisedStun</uiIconPath>
    <uiIconScale>1.90</uiIconScale>
    <statBases>
      <MarketValue>1200</MarketValue>
      <MaxHitPoints>120</MaxHitPoints>
      <WorkToBuild>3600</WorkToBuild>
    </statBases>
    <comps>
	  <li Class="CompProperties_Power">
        <compClass>CompPowerTrader</compClass>
        <basePowerConsumption>200</basePowerConsumption>
      </li>
      <li Class="CompProperties_Mannable">
        <manWorkType>Violent</manWorkType>
      </li>
    </comps>
    <!-- <stuffCategories>
      <li>Metallic</li>
    </stuffCategories>
    <costStuffCount>60</costStuffCount> -->
    <costList>
      <ComponentSpacer>3</ComponentSpacer>
      <LingZeroTechBottleCap>1</LingZeroTechBottleCap>
      <Uranium>30</Uranium>
    </costList>
    <specialDisplayRadius>1.6</specialDisplayRadius>
    <building>
      <turretGunDef>Gun_LingTurret_Wind</turretGunDef>
      <turretBurstCooldownTime>1</turretBurstCooldownTime>
    </building>
  </ThingDef>
  <ThingDef ParentName="BaseWeaponTurret">
    <defName>Gun_LingTurret_Wind</defName>
    <label>风压制造器</label>
    <description>一个风压制造器.</description>
    <graphicData>
      <texPath>Things/Building/TurretImprovised_Stun</texPath>
      <graphicClass>Graphic_Single</graphicClass>
    </graphicData>
    <soundInteract>Interact_Rifle</soundInteract>
    <menuHidden>true</menuHidden>
    <destroyOnDrop>true</destroyOnDrop>
    <tradeability>None</tradeability>
    <useHitPoints>false</useHitPoints>
    <statBases>
      <DeteriorationRate>0</DeteriorationRate>
      <Mass>5</Mass>
      <Flammability>0</Flammability>
    </statBases>
    <weaponTags Inherit="false">
      <li>TurretGun</li>
    </weaponTags>
    <verbs>
      <li>
        <verbClass>LingGame.LingVerb_TakeTurn</verbClass>
        <hasStandardCommand>true</hasStandardCommand>
        <warmupTime>0</warmupTime>
        <range>500</range>
        <soundCast>GunShotA</soundCast>
        <soundCastTail>GunTail_Light</soundCastTail>
      </li>
    </verbs>
  </ThingDef>

  <ThingDef ParentName="LingBaseturret">
    <defName>LingTurret_Lightning</defName>
    <label>电弧聚集器</label>
    <description>一个可以释放强大电极引发雷击的发生器</description>
    <graphicData>
      <texPath>Things/Building/LingLightingTurret</texPath>
      <graphicClass>Graphic_Single</graphicClass>
      <drawSize>(2,2)</drawSize>
    </graphicData>
    <uiIconPath>Things/Building/LingLightingTurret</uiIconPath>
    <uiIconScale>0.90</uiIconScale>
    <statBases>
      <MarketValue>1000</MarketValue>
      <MaxHitPoints>120</MaxHitPoints>
      <WorkToBuild>3600</WorkToBuild>
    </statBases>
    <comps>
	  <li Class="CompProperties_Power">
        <compClass>CompPowerTrader</compClass>
        <basePowerConsumption>10</basePowerConsumption>
      </li>
    </comps>
    <!-- <stuffCategories>
      <li>Metallic</li>
    </stuffCategories>
    <costStuffCount>60</costStuffCount> -->
    <costList>
      <Steel>40</Steel>
      <ZeroTechAlloy>5</ZeroTechAlloy>
      <ComponentSpacer>1</ComponentSpacer>
      <LingZeroTechPowerCore>1</LingZeroTechPowerCore>
    </costList>
    <specialDisplayRadius>33</specialDisplayRadius>
    <building>
      <turretGunDef>Gun_LingTurret_Lightning</turretGunDef>
      <turretBurstCooldownTime>1.5</turretBurstCooldownTime>
    </building>
  </ThingDef>
  <ThingDef ParentName="BaseWeaponTurret">
    <defName>Gun_LingTurret_Lightning</defName>
    <label>电弧制造器</label>
    <description>一个电弧制造器.</description>
    <graphicData>
      <texPath>Things/Building/TurretImprovised_Lighting</texPath>
      <graphicClass>Graphic_Single</graphicClass>
    </graphicData>
    <soundInteract>Interact_Rifle</soundInteract>
    <menuHidden>true</menuHidden>
    <destroyOnDrop>true</destroyOnDrop>
    <tradeability>None</tradeability>
    <useHitPoints>false</useHitPoints>
    <statBases>
      <DeteriorationRate>0</DeteriorationRate>
      <Mass>5</Mass>
      <Flammability>0</Flammability>
    </statBases>
    <weaponTags Inherit="false">
      <li>TurretGun</li>
    </weaponTags>
    <verbs>
      <li>
        <verbClass>LingGame.LingVerb_Lightning</verbClass>
        <hasStandardCommand>true</hasStandardCommand>
        <warmupTime>0</warmupTime>
        <range>33</range>
        <soundCast>GunShotA</soundCast>
        <soundCastTail>GunTail_Light</soundCastTail>
      </li>
    </verbs>
  </ThingDef>

  <ThingDef ParentName="LingBaseturret">
    <defName>LingTurret_Toxic</defName>
    <label>酸液喷射器</label>
    <description>一款发射神经毒素的无人机枪,击中会掉落敌人的装备</description>
    <graphicData>
      <texPath>Things/Building/TurretImprovisedToxic</texPath>
      <graphicClass>Graphic_Single</graphicClass>
      <drawSize>(3,3)</drawSize>
    </graphicData>
    <uiIconPath>Things/Building/TurretImprovisedToxic</uiIconPath>
    <uiIconScale>1.5</uiIconScale>
    <statBases>
      <MarketValue>2000</MarketValue>
      <MaxHitPoints>120</MaxHitPoints>
      <WorkToBuild>3600</WorkToBuild>
    </statBases>
    <comps>
      <li Class="CompProperties_Refuelable">
        <fuelLabel>弹药剩余量</fuelLabel>
        <fuelGizmoLabel>弹药余量</fuelGizmoLabel>
        <fuelFilter>
          <thingDefs>
            <li>Luciferium</li>
          </thingDefs>
        </fuelFilter>
        <fuelCapacity>30</fuelCapacity>
        <initialFuelPercent>1</initialFuelPercent>
        <autoRefuelPercent>0.75</autoRefuelPercent>
        <showFuelGizmo>true</showFuelGizmo>
        <minimumFueledThreshold>1</minimumFueledThreshold>
        <fuelMultiplier>3</fuelMultiplier>
        <factorByDifficulty>true</factorByDifficulty>
        <consumeFuelOnlyWhenUsed>true</consumeFuelOnlyWhenUsed>
        <outOfFuelMessage>弹药不足</outOfFuelMessage>
        <fuelIconPath>UI/Overlays/Barrel</fuelIconPath>
      </li>
    </comps>
    <!-- <stuffCategories>
      <li>Metallic</li>
    </stuffCategories>
    <costStuffCount>60</costStuffCount> -->
    <costList>
      <MedicineUltratech>4</MedicineUltratech>
      <ComponentSpacer>2</ComponentSpacer>
      <Steel>40</Steel>
      <Neutroamine>12</Neutroamine>
    </costList>
    <specialDisplayRadius>27</specialDisplayRadius>
    <building>
      <turretGunDef>Gun_LingTurret_Toxic</turretGunDef>
      <turretBurstCooldownTime>5</turretBurstCooldownTime>
    </building>
  </ThingDef>
  <ThingDef ParentName="BaseBullet">
    <defName>Bullet_LingTurret_Toxic</defName>
    <label>酸液弹</label>
    <graphicData>
      <texPath>Things/Projectile/Bullet_LingTurret_Toxic</texPath>
      <graphicClass>Graphic_Single</graphicClass>
    </graphicData>
    <projectile>
      <damageDef>Damage_LingTurret_Toxic</damageDef>
      <damageAmountBase>1</damageAmountBase>
      <speed>120</speed>
    </projectile>
  </ThingDef>
  <ThingDef ParentName="BaseWeaponTurret">
    <defName>Gun_LingTurret_Toxic</defName>
    <label>酸液喷射器</label>
    <description>一个酸液喷射器.</description>
    <graphicData>
      <texPath>Things/Building/TurretImprovised_Toxic</texPath>
      <graphicClass>Graphic_Single</graphicClass>
    </graphicData>
    <soundInteract>Interact_Rifle</soundInteract>
    <menuHidden>true</menuHidden>
    <destroyOnDrop>true</destroyOnDrop>
    <tradeability>None</tradeability>
    <useHitPoints>false</useHitPoints>
    <statBases>
      <AccuracyTouch>1</AccuracyTouch>
      <AccuracyShort>1</AccuracyShort>
      <AccuracyMedium>1</AccuracyMedium>
      <AccuracyLong>1</AccuracyLong>
      <RangedWeapon_Cooldown>7</RangedWeapon_Cooldown>
      <DeteriorationRate>0</DeteriorationRate>
      <Mass>5</Mass>
      <Flammability>0</Flammability>
    </statBases>
    <weaponTags Inherit="false">
      <li>TurretGun</li>
    </weaponTags>
    <verbs>
      <li>
        <verbClass>Verb_Shoot</verbClass>
        <hasStandardCommand>true</hasStandardCommand>
        <defaultProjectile>Bullet_LingTurret_Toxic</defaultProjectile>
        <warmupTime>0</warmupTime>
        <range>27</range>
        <ticksBetweenBurstShots>8</ticksBetweenBurstShots>
        <burstShotCount>3</burstShotCount>
        <soundCast>GunShotA</soundCast>
        <soundCastTail>GunTail_Light</soundCastTail>
        <muzzleFlashScale>9</muzzleFlashScale>
        <consumeFuelPerShot>1</consumeFuelPerShot>
      </li>
    </verbs>
  </ThingDef>
  <DamageDef>
    <defName>Damage_LingTurret_Toxic</defName>
    <label>子弹</label>
    <workerClass>DamageWorker_AddInjury</workerClass>
    <externalViolence>true</externalViolence>
    <deathMessage>{0}被射死了.</deathMessage>
    <hediff>Gunshot</hediff>
    <harmAllLayersUntilOutside>true</harmAllLayersUntilOutside>
    <impactSoundType>Bullet</impactSoundType>
    <armorCategory></armorCategory>
    <overkillPctToDestroyPart>0~0.7</overkillPctToDestroyPart>
    <isRanged>true</isRanged>
    <makesAnimalsFlee>true</makesAnimalsFlee>
    <additionalHediffs>
      <li>
        <hediff>Hediff_LingTurret_Toxic</hediff>
        <severityPerDamageDealt>0.001</severityPerDamageDealt>
      </li>
    </additionalHediffs>
  </DamageDef>
  <HediffDef>
    <defName>Hediff_LingTurret_Toxic</defName>
    <hediffClass>LingGame.LingHediff_FuShiZhuangBei</hediffClass>
	<description>Debug.Text.</description>
    <label>Acid</label>
    <maxSeverity>1.0</maxSeverity>
    <defaultLabelColor>(0.65, 0.3, 0.9)</defaultLabelColor>
    <stages>
      <li>
        <becomeVisible>false</becomeVisible>
      </li>
    </stages>
  </HediffDef>

  <ThingDef ParentName="LingBaseturret">
    <defName>LingTurret_Poison</defName>
    <label>毒液喷射器</label>
    <description>一款发射腐蚀毒素的无人机枪,会使被击中者持续受到伤害</description>
    <graphicData>
      <texPath>Things/Building/LingTurretImprovisedmina</texPath>
      <graphicClass>Graphic_Single</graphicClass>
      <drawSize>(3,3)</drawSize>
    </graphicData>
    <uiIconPath>Things/Building/LingTurretImprovisedmina</uiIconPath>
    <uiIconScale>2</uiIconScale>
    <statBases>
      <MarketValue>1500</MarketValue>
      <MaxHitPoints>120</MaxHitPoints>
      <WorkToBuild>3600</WorkToBuild>
    </statBases>
    <comps>
	  <li Class="CompProperties_Power">
        <compClass>CompPowerTrader</compClass>
        <basePowerConsumption>180</basePowerConsumption>
      </li>
    </comps>
    <!-- <stuffCategories>
      <li>Metallic</li>
    </stuffCategories>
    <costStuffCount>60</costStuffCount> -->
    <costList>
      <Steel>40</Steel>
      <LingZeroTechBottleCap>1</LingZeroTechBottleCap>
      <ComponentIndustrial>5</ComponentIndustrial>
    </costList>
    <specialDisplayRadius>31</specialDisplayRadius>
    <building>
      <turretGunDef>Gun_LingTurret_Poison</turretGunDef>
      <turretBurstCooldownTime>5</turretBurstCooldownTime>
    </building>
  </ThingDef>
  <ThingDef ParentName="BaseBullet">
    <defName>Bullet_LingTurret_Poison</defName>
    <label>毒液弹</label>
    <graphicData>
      <texPath>Things/Projectile/Bullet_LingTurret_Poison</texPath>
      <graphicClass>Graphic_Single</graphicClass>
    </graphicData>
    <projectile>
      <damageDef>Damage_LingTurret_Poison</damageDef>
      <damageAmountBase>1</damageAmountBase>
      <speed>120</speed>
    </projectile>
  </ThingDef>
  <ThingDef ParentName="BaseWeaponTurret">
    <defName>Gun_LingTurret_Poison</defName>
    <label>毒液喷射器</label>
    <description>一个毒液喷射器.</description>
    <graphicData>
      <texPath>Things/Building/TurretImprovised_Lighting</texPath>
      <graphicClass>Graphic_Single</graphicClass>
    </graphicData>
    <soundInteract>Interact_Rifle</soundInteract>
    <menuHidden>true</menuHidden>
    <destroyOnDrop>true</destroyOnDrop>
    <tradeability>None</tradeability>
    <useHitPoints>false</useHitPoints>
    <statBases>
      <AccuracyTouch>1</AccuracyTouch>
      <AccuracyShort>1</AccuracyShort>
      <AccuracyMedium>1</AccuracyMedium>
      <AccuracyLong>1</AccuracyLong>
      <RangedWeapon_Cooldown>7</RangedWeapon_Cooldown>
      <DeteriorationRate>0</DeteriorationRate>
      <Mass>5</Mass>
      <Flammability>0</Flammability>
    </statBases>
    <weaponTags Inherit="false">
      <li>TurretGun</li>
    </weaponTags>
    <verbs>
      <li>
        <verbClass>Verb_Shoot</verbClass>
        <hasStandardCommand>true</hasStandardCommand>
        <defaultProjectile>Bullet_LingTurret_Poison</defaultProjectile>
        <warmupTime>0</warmupTime>
        <range>31</range>
        <ticksBetweenBurstShots>8</ticksBetweenBurstShots>
        <burstShotCount>2</burstShotCount>
        <soundCast>GunShotA</soundCast>
        <soundCastTail>GunTail_Light</soundCastTail>
        <muzzleFlashScale>9</muzzleFlashScale>
        <consumeFuelPerShot>1</consumeFuelPerShot>
      </li>
    </verbs>
  </ThingDef>
  <DamageDef>
    <defName>Damage_LingTurret_Poison</defName>
    <label>子弹</label>
    <workerClass>DamageWorker_AddInjury</workerClass>
    <externalViolence>true</externalViolence>
    <deathMessage>{0}被射死了.</deathMessage>
    <hediff>Gunshot</hediff>
    <harmAllLayersUntilOutside>true</harmAllLayersUntilOutside>
    <impactSoundType>Bullet</impactSoundType>
    <armorCategory></armorCategory>
    <overkillPctToDestroyPart>0~0.7</overkillPctToDestroyPart>
    <isRanged>true</isRanged>
    <makesAnimalsFlee>true</makesAnimalsFlee>
    <additionalHediffs>
      <li>
        <hediff>Hediff_LingTurret_Poison</hediff>
        <severityPerDamageDealt>0.001</severityPerDamageDealt>
      </li>
    </additionalHediffs>
  </DamageDef>
  <HediffDef>
    <defName>Hediff_LingTurret_Poison</defName>
    <hediffClass>LingGame.LingHediff_FuShiRouTi</hediffClass>
    <label>腐毒</label>
	<description>If the poisoned person is standing, the poison will constantly hurt him.</description>
    <maxSeverity>1.0</maxSeverity>
    <defaultLabelColor>(0.3, 0.9, 0.9)</defaultLabelColor>
    <comps>
      <li Class="HediffCompProperties_Disappears">
        <disappearsAfterTicks>
          <min>60000</min>
          <max>60000</max>
        </disappearsAfterTicks>
      </li>
    </comps>
  </HediffDef>

  <!-- =============== 大炮塔 =============== -->
 
  <ThingDef ParentName="LingBaseturret">
    <defName>LingTurret_Crystal</defName>
    <label>棱晶炮塔</label>
    <description>发射大量碎棱晶的炮塔,会使敌人高速失血休克</description>
    <graphicData>
      <texPath>Things/Building/LingTurretImprovisedA</texPath>
      <graphicClass>Graphic_Single</graphicClass>
      <drawSize>(2,2)</drawSize>
    </graphicData>
    <uiIconPath>Things/Building/LingTurretImprovisedA</uiIconPath>
    <uiIconScale>1.3</uiIconScale>
    <size>(2,2)</size>
    <statBases>
      <MarketValue>1500</MarketValue>
      <MaxHitPoints>200</MaxHitPoints>
      <WorkToBuild>3600</WorkToBuild>
    </statBases>
    <comps>
	  <li Class="CompProperties_Power">
        <compClass>CompPowerTrader</compClass>
        <basePowerConsumption>200</basePowerConsumption>
      </li>
    </comps>
    <costList>
      <Plasteel>50</Plasteel>
      <LingZeroTechBottleCap>1</LingZeroTechBottleCap>
      <ComponentSpacer>3</ComponentSpacer>
    </costList>
    <building>
      <turretGunDef>Gun_LingTurret_Crystal</turretGunDef>
      <turretBurstCooldownTime>1.4</turretBurstCooldownTime>
    </building>
  </ThingDef>
  <ThingDef ParentName="BaseBullet">
    <defName>Bullet_LingTurret_Crystal</defName>
    <label>碎棱晶</label>
    <graphicData>
      <texPath>Things/Projectile/Bullet_LingTurret_Crystal</texPath>
      <graphicClass>Graphic_Single</graphicClass>
    </graphicData>
    <thingClass>Projectile_Explosive</thingClass>
    <projectile>
      <damageDef>Damage_LingTurret_Crystal</damageDef>
      <damageAmountBase>5</damageAmountBase>
      <explosionRadius>1.9</explosionRadius>
      <flyOverhead>true</flyOverhead>
      <speed>20</speed>
    </projectile>
  </ThingDef>
  <ThingDef ParentName="BaseWeaponTurret">
    <defName>Gun_LingTurret_Crystal</defName>
    <label>棱晶喷射器</label>
    <description>一个棱晶喷射器.</description>
    <graphicData>
      <texPath>Things/Building/TurretImprovised_MC</texPath>
      <graphicClass>Graphic_Single</graphicClass>
    </graphicData>
    <soundInteract>Interact_Rifle</soundInteract>
    <menuHidden>true</menuHidden>
    <destroyOnDrop>true</destroyOnDrop>
    <tradeability>None</tradeability>
    <useHitPoints>false</useHitPoints>
    <statBases>
      <AccuracyTouch>1</AccuracyTouch>
      <AccuracyShort>1</AccuracyShort>
      <AccuracyMedium>1</AccuracyMedium>
      <AccuracyLong>1</AccuracyLong>
      <RangedWeapon_Cooldown>7</RangedWeapon_Cooldown>
      <DeteriorationRate>0</DeteriorationRate>
      <Mass>5</Mass>
      <Flammability>0</Flammability>
    </statBases>
    <weaponTags Inherit="false">
      <li>TurretGun</li>
    </weaponTags>
    <verbs>
      <li>
        <verbClass>Verb_Shoot</verbClass>
        <hasStandardCommand>true</hasStandardCommand>
        <defaultProjectile>Bullet_LingTurret_Crystal</defaultProjectile>
        <warmupTime>0</warmupTime>
        <range>500</range>
        <forcedMissRadius>1</forcedMissRadius>
        <requireLineOfSight>false</requireLineOfSight>
        <ticksBetweenBurstShots>8</ticksBetweenBurstShots>
        <burstShotCount>1</burstShotCount>
        <soundCast>GunShotA</soundCast>
        <soundCastTail>GunTail_Light</soundCastTail>
        <muzzleFlashScale>9</muzzleFlashScale>
        <consumeFuelPerShot>1</consumeFuelPerShot>
      </li>
    </verbs>
  </ThingDef>
  <DamageDef>
    <defName>Damage_LingTurret_Crystal</defName>
    <label>子弹</label>
    <workerClass>DamageWorker_AddInjury</workerClass>
    <externalViolence>true</externalViolence>
    <deathMessage>{0}刺穿了.</deathMessage>
    <hediff>Hediff_LingTurret_Crystal</hediff>
    <harmAllLayersUntilOutside>true</harmAllLayersUntilOutside>
    <impactSoundType>Bullet</impactSoundType>
    <armorCategory></armorCategory>
    <overkillPctToDestroyPart>0~0.7</overkillPctToDestroyPart>
    <isRanged>true</isRanged>
    <makesAnimalsFlee>true</makesAnimalsFlee>
	<explosionSnowMeltAmount>0</explosionSnowMeltAmount>
	<explosionCellMote>Mote_BlastEMP</explosionCellMote>
	<explosionColorEdge>(0.8, 0.8, 0.8, 0.8)</explosionColorEdge>
	<explosionInteriorMote>Mote_ElectricalSpark</explosionInteriorMote>
	<soundExplosion>Explosion_EMP</soundExplosion>
	<combatLogRules>Damage_EMP</combatLogRules>
  </DamageDef>
  <HediffDef ParentName="InjuryBase">
    <defName>Hediff_LingTurret_Crystal</defName>
    <label>stab</label>
    <labelNoun>a stab wound</labelNoun>
	<description>a stab wound.</description>
    <comps>
      <li Class="HediffCompProperties_TendDuration">
        <labelTendedWell>bandaged</labelTendedWell>
        <labelTendedWellInner>sutured</labelTendedWellInner>
        <labelSolidTendedWell>set</labelSolidTendedWell>
      </li>
      <li Class="HediffCompProperties_Infecter">
        <infectionChance>0.15</infectionChance>
      </li>
      <li Class="HediffCompProperties_GetsPermanent">
        <permanentLabel>stab scar</permanentLabel>
      </li>
    </comps>
    <injuryProps>
      <painPerSeverity>0.0125</painPerSeverity>
      <averagePainPerSeverityPermanent>0.00625</averagePainPerSeverityPermanent>
      <bleedRate>6</bleedRate>
      <canMerge>false</canMerge>
      <destroyedLabel>Cut off</destroyedLabel>
      <destroyedOutLabel>Cut out</destroyedOutLabel>
    </injuryProps>
  </HediffDef>
 
  <ThingDef ParentName="LingBaseturret">
    <defName>LingTurret_Power</defName>
    <label>充能迫击炮</label>
    <description>一款需要较长时间充能的重型能量武器,会交替的释放震撼弹,电荷弹和高爆弹对敌人进行打击</description>
    <graphicData>
      <texPath>Things/Building/LingTurret_Power</texPath>
      <graphicClass>Graphic_Single</graphicClass>
      <drawSize>(3,3)</drawSize>
    </graphicData>
    <uiIconPath>Things/Building/LingTurret_Power</uiIconPath>
    <uiIconScale>1</uiIconScale>
    <size>(3,3)</size>
    <statBases>
      <MarketValue>2100</MarketValue>
      <MaxHitPoints>200</MaxHitPoints>
      <WorkToBuild>3600</WorkToBuild>
    </statBases>
    <comps>
	  <li Class="CompProperties_Power">
        <compClass>CompPowerTrader</compClass>
        <basePowerConsumption>900</basePowerConsumption>
      </li>
      <li Class="LingGame.CompProperties_LaunchListProjectile">
          <ProjectileDef>
            <li>Bullet_LingTurret_PowerII</li>
            <li>Bullet_LingTurret_Power</li>
            <li>Bullet_LingTurret_PowerI</li>
          </ProjectileDef>
      </li>
    </comps>
    <costList>
      <Plasteel>150</Plasteel>
      <LingZeroTechBottleCap>1</LingZeroTechBottleCap>
      <LingZeroTechPowerCore>1</LingZeroTechPowerCore>
      <ComponentSpacer>3</ComponentSpacer>
    </costList>
    <building>
      <turretGunDef>Gun_LingTurret_Power</turretGunDef>
      <turretBurstCooldownTime>19.4</turretBurstCooldownTime>
    </building>
  </ThingDef>
  <ThingDef ParentName="BaseWeaponTurret">
    <defName>Gun_LingTurret_Power</defName>
    <label>充能迫击炮</label>
    <description>一个充能迫击炮.</description>
    <graphicData>
      <texPath>Blank</texPath>
      <graphicClass>Graphic_Single</graphicClass>
    </graphicData>
    <soundInteract>Interact_Rifle</soundInteract>
    <menuHidden>true</menuHidden>
    <destroyOnDrop>true</destroyOnDrop>
    <tradeability>None</tradeability>
    <useHitPoints>false</useHitPoints>
    <statBases>
      <AccuracyTouch>1</AccuracyTouch>
      <AccuracyShort>1</AccuracyShort>
      <AccuracyMedium>1</AccuracyMedium>
      <AccuracyLong>1</AccuracyLong>
      <RangedWeapon_Cooldown>9.8</RangedWeapon_Cooldown>
      <DeteriorationRate>0</DeteriorationRate>
      <Mass>5</Mass>
      <Flammability>0</Flammability>
    </statBases>
    <weaponTags Inherit="false">
      <li>TurretGun</li>
    </weaponTags>
    <verbs>
      <li>
        <verbClass>LingGame.Verb_LaunchListProjectile</verbClass>
        <hasStandardCommand>true</hasStandardCommand>
        <defaultProjectile>Bullet_LingTurret_Power</defaultProjectile>
        <warmupTime>0</warmupTime>
        <range>500</range>
        <forcedMissRadius>1</forcedMissRadius>
        <requireLineOfSight>false</requireLineOfSight>
        <ticksBetweenBurstShots>15</ticksBetweenBurstShots>
        <burstShotCount>3</burstShotCount>
        <soundCast>GunShotA</soundCast>
        <soundCastTail>GunTail_Light</soundCastTail>
        <muzzleFlashScale>9</muzzleFlashScale>
        <consumeFuelPerShot>1</consumeFuelPerShot>
      </li>
    </verbs>
  </ThingDef>
  <ThingDef ParentName="BaseBullet">
    <defName>Bullet_LingTurret_Power</defName>
    <label>震慑弹</label>
    <graphicData>
      <texPath>Things/Projectile/Bullet_Power</texPath>
      <graphicClass>Graphic_Single</graphicClass>
    </graphicData>
    <thingClass>Projectile_Explosive</thingClass>
    <projectile>
      <damageDef>Stun</damageDef>
      <damageAmountBase>3</damageAmountBase>
      <explosionRadius>5</explosionRadius>
      <flyOverhead>true</flyOverhead>
      <speed>222</speed>
    </projectile>
  </ThingDef>
  <ThingDef ParentName="BaseBullet">
    <defName>Bullet_LingTurret_PowerI</defName>
    <label>脉冲弹</label>
    <graphicData>
      <texPath>Things/Projectile/Bullet_PowerI</texPath>
      <graphicClass>Graphic_Single</graphicClass>
    </graphicData>
    <thingClass>Projectile_Explosive</thingClass>
    <projectile>
      <damageDef>EMP</damageDef>
      <damageAmountBase>9999</damageAmountBase>
      <explosionRadius>5</explosionRadius>
      <flyOverhead>true</flyOverhead>
      <speed>21</speed>
    </projectile>
  </ThingDef>
  <ThingDef ParentName="BaseBullet">
    <defName>Bullet_LingTurret_PowerII</defName>
    <label>高爆弹</label>
    <graphicData>
      <texPath>Things/Projectile/Bullet_PowerII</texPath>
      <graphicClass>Graphic_Single</graphicClass>
    </graphicData>
    <thingClass>Projectile_Explosive</thingClass>
    <projectile>
      <damageDef>Flame</damageDef>
      <damageAmountBase>50</damageAmountBase>
      <explosionRadius>5</explosionRadius>
      <flyOverhead>true</flyOverhead>
      <speed>20</speed>
    </projectile>
  </ThingDef>
 
 
 
  <ThingDef ParentName="BuildingBase">
    <defName>LingTurretCore</defName>
    <label>炮塔核心</label>
    <description>炮塔核心,为周围的零子炮塔提供保护.</description>
    <graphicData>
      <texPath>Things/Building/Misc/ToolCabinet</texPath>
      <graphicClass>Graphic_Multi</graphicClass>
      <drawSize>(1,1)</drawSize>
      <color>(255,114,114)</color>
      <damageData>
        <cornerTL>Damage/Corner</cornerTL>
        <cornerTR>Damage/Corner</cornerTR>
        <cornerBL>Damage/Corner</cornerBL>
        <cornerBR>Damage/Corner</cornerBR>
      </damageData>
    </graphicData>
    <altitudeLayer>Building</altitudeLayer>
    <passability>PassThroughOnly</passability>
    <castEdgeShadows>true</castEdgeShadows>
    <staticSunShadowHeight>0.35</staticSunShadowHeight>
    <fillPercent>0.5</fillPercent>
    <canOverlapZones>false</canOverlapZones>
    <pathCost>60</pathCost>
    <statBases>
      <MaxHitPoints>100</MaxHitPoints>
      <WorkToBuild>1800</WorkToBuild>
      <Mass>40</Mass>
      <Flammability>0.5</Flammability>
    </statBases>
    <size>(1,1)</size>
    <costList>
      <Steel>200</Steel>
      <Plasteel>20</Plasteel>
      <Uranium>10</Uranium>
    </costList>
    <researchPrerequisites>
      <li>ComplexFurniture</li>
    </researchPrerequisites>
    <designationCategory>Misc</designationCategory>
    <minifiedDef>MinifiedThing</minifiedDef>
    <constructionSkillPrerequisite>4</constructionSkillPrerequisite>
    <thingCategories>
      <li>BuildingsMisc</li>
    </thingCategories>
    <comps>
      <li Class="CompProperties_Facility">
        <statOffsets>
          <MaxHitPoints>500</MaxHitPoints>
        </statOffsets>
        <maxSimultaneous>2</maxSimultaneous>
      </li>
    </comps>
		<placeWorkers>
			<li>PlaceWorker_ShowFacilitiesConnections</li>
		</placeWorkers>
  </ThingDef>
  
 
  <!-- =============== 迫击炮 =============== -->

  <ThingDef Name="LingBaseMortar" ParentName="BuildingBase" Abstract="True">
    <thingClass>Building_TurretGun</thingClass>
    <minifiedDef>MinifiedThing</minifiedDef>
    <altitudeLayer>Building</altitudeLayer>
    <hasInteractionCell>True</hasInteractionCell>
    <interactionCellOffset>(0,0,-1)</interactionCellOffset>
    <stealable>false</stealable>
    <passability>PassThroughOnly</passability>
    <pathCost>10</pathCost>
    <fillPercent>0.3</fillPercent>
    <thingCategories>
      <li>BuildingsSecurity</li>
    </thingCategories>
    <tickerType>Normal</tickerType>
    <terrainAffordanceNeeded>Light</terrainAffordanceNeeded>
    <constructionSkillPrerequisite>5</constructionSkillPrerequisite>
    <inspectorTabs>
      <li>ITab_Shells</li>
    </inspectorTabs>
    <comps>
      <li Class="CompProperties_Forbiddable"/>
      <li Class="CompProperties_Mannable">
        <manWorkType>Violent</manWorkType>
      </li>
    </comps>
    <statBases>
      <MaxHitPoints>180</MaxHitPoints>
      <WorkToBuild>3600</WorkToBuild>
      <Beauty>0</Beauty>
    </statBases>
    <building>
      <turretBurstWarmupTime>2.0</turretBurstWarmupTime>
	  <turretBurstCooldownTime>28.0</turretBurstCooldownTime>
	  <buildingTags><li>Artillery</li><li>Artillery_BaseDestroyer</li></buildingTags>
	</building>
    <placeWorkers>
      <li>PlaceWorker_NotUnderRoof</li>
      <li>PlaceWorker_TurretTop</li>
    </placeWorkers>
    <researchPrerequisites>
      <li>Mortars</li>
    </researchPrerequisites>
    <uiIconScale>1.1</uiIconScale>
  </ThingDef>

 <!--  <ThingDef ParentName="LingBaseMortar">
    <defName>LingTurret_SmokeMortar</defName>
    <label>烟雾弹迫击炮</label>
    <description>可以发射各式各样的奇妙迫击炮.(效果未实装)</description>
    <designationCategory>Security</designationCategory>
    <statBases>
      <MaxHitPoints>180</MaxHitPoints>
      <WorkToBuild>3600</WorkToBuild>
      <Mass>30</Mass>
    </statBases>
    <graphicData>
      <texPath>Things/Building/Security/TurretMortar_Base</texPath>
      <graphicClass>Graphic_Single</graphicClass>
      <drawSize>(4,4)</drawSize>
    </graphicData>
    <size>(2,2)</size>
    <stuffCategories>
      <li>Metallic</li>
    </stuffCategories>
	<costStuffCount>50</costStuffCount>
    <costList>
	  <Steel>120</Steel>
	  <ComponentIndustrial>5</ComponentIndustrial>
	</costList>
    <building>
      <turretBurstWarmupTime>2.0</turretBurstWarmupTime>
	  <turretBurstCooldownTime>28.0</turretBurstCooldownTime>
      <turretGunDef>Artillery_SmokeMortar</turretGunDef>
      <turretTopGraphicPath>Things/Building/Security/TurretMortar_Top</turretTopGraphicPath>
    </building>
	<uiIconPath>Things/Building/Security/TurretMortar_MenuIcon</uiIconPath>
	<uiIconScale>0.9</uiIconScale>
  </ThingDef>
  <ThingDef ParentName="BaseArtilleryWeapon">
    <defName>Artillery_SmokeMortar</defName>
    <label>mortar</label>
    <description>Mortar launcher.</description>
    <weaponTags>
      <li>Artillery_BaseDestroyer</li>
    </weaponTags>
    <building>
      <fixedStorageSettings>
        <filter>
          <categories>
            <li>MortarShells</li>
          </categories>
        </filter>
      </fixedStorageSettings>
      <defaultStorageSettings>
        <filter>
          <categories>
            <li>MortarShells</li>
          </categories>
          <disallowedThingDefs>
            <li>Shell_Firefoam</li>
            <li>Shell_AntigrainWarhead</li>
          </disallowedThingDefs>
        </filter>
      </defaultStorageSettings>
    </building>
    <verbs>
      <li>
        <verbClass>Verb_Shoot</verbClass>
        <forceNormalTimeSpeed>false</forceNormalTimeSpeed>
        <hasStandardCommand>true</hasStandardCommand>
        <warmupTime>4.0</warmupTime>
        <forcedMissRadius>0</forcedMissRadius>
        <requireLineOfSight>false</requireLineOfSight>
        <minRange>19.9</minRange>
        <range>500</range>
        <burstShotCount>1</burstShotCount>
        <soundCast>Mortar_LaunchA</soundCast>
        <muzzleFlashScale>16</muzzleFlashScale>
        <targetParams>
          <canTargetLocations>true</canTargetLocations>
        </targetParams>
      </li>
    </verbs>
  </ThingDef> -->

  <ThingDef ParentName="LingBaseMortar">
    <defName>LingTurret_CrazyMortar</defName>
    <label>零子迫击炮</label>
    <description>一款体积极大的迫击炮,可以以极高的速度精确的将炮弹投掷到指定的位置,
	遗憾的是,出于某种原因,你无法理解这款重炮的构造方式.</description>
    <statBases>
      <MaxHitPoints>3900</MaxHitPoints>
      <WorkToBuild>39000</WorkToBuild>
      <Mass>390</Mass>
    </statBases>
    <graphicData>
      <texPath>Things/Building/LingTurretLightingX</texPath>
      <graphicClass>Graphic_Single</graphicClass>
      <drawSize>(4,4)</drawSize>
    </graphicData>
    <size>(3,3)</size>
    <costList>
	  <Steel>500</Steel>
	  <LingZeroTechBottleCap>2</LingZeroTechBottleCap>
	  <ComponentSpacer>5</ComponentSpacer>
	  <Plasteel>150</Plasteel>
	  <Uranium>20</Uranium>
	  <Jade>100</Jade>
	</costList>
    <building>
      <buildingTags>
        <li>Artillery_BaseDestroyer</li>
        <li>Artillery_MannedMortar</li>
      </buildingTags>
      <turretBurstWarmupTime>2.0</turretBurstWarmupTime>
	  <turretBurstCooldownTime>3.0</turretBurstCooldownTime>
      <turretGunDef>Artillery_CrazyMortar</turretGunDef>
    </building>
  </ThingDef>
  <ThingDef ParentName="BaseArtilleryWeapon">
    <defName>Artillery_CrazyMortar</defName>
    <label>mortar</label>
    <description>Mortar launcher.</description>
    <graphicData>
      <texPath>Things/Building/TurretImprovised_LightingX</texPath>
      <graphicClass>Graphic_Single</graphicClass>
    </graphicData>
    <weaponTags>
      <li>Artillery_BaseDestroyer</li>
    </weaponTags>
    <comps>
      <li Class="CompProperties_ChangeableProjectile" />
    </comps>
    <building>
      <fixedStorageSettings>
        <filter>
          <categories>
            <li>MortarShells</li>
          </categories>
        </filter>
      </fixedStorageSettings>
      <defaultStorageSettings>
        <filter>
          <categories>
            <li>MortarShells</li>
          </categories>
        </filter>
      </defaultStorageSettings>
    </building>
    <verbs>
      <li>
        <verbClass>Verb_Shoot</verbClass>
        <forceNormalTimeSpeed>false</forceNormalTimeSpeed>
        <hasStandardCommand>true</hasStandardCommand>
        <warmupTime>0</warmupTime>
        <forcedMissRadius>0</forcedMissRadius>
        <requireLineOfSight>false</requireLineOfSight>
        <minRange>0</minRange>
        <range>900</range>
        <burstShotCount>1</burstShotCount>
        <soundCast>Mortar_LaunchA</soundCast>
        <muzzleFlashScale>6</muzzleFlashScale>
        <targetParams>
          <canTargetLocations>true</canTargetLocations>
        </targetParams>
      </li>
    </verbs>
  </ThingDef>

  
</Defs>
